identifier,name,description,sort_description
Ru0001,ABOUT PASSPORT,"Διαβατήριο είναι το έγγραφο που εκδίδεται από τη Διεύθυνση Κρατικής Ασφάλειας του Αρχηγείου Ελληνικής Αστυνομίας, με το οποίο ο κάτοχος μπορεί νόμιμα να εξέρχεται και να εισέρχεται στη Χώρα, μέσω των καθορισμένων για το σκοπό αυτό σημείων.","Διαβατήριο είναι το έγγραφο που εκδίδεται από τη Διεύθυνση Κρατικής Ασφάλειας του Αρχηγείου Ελληνικής Αστυνομίας, με το οποίο ο κάτοχος μπορεί νόμιμα να εξέρχεται και να εισέρχεται στη Χώρα, μέσω των καθορισμένων για το σκοπό αυτό σημείων."
Ru0002,ABOUT PASSPORT,"Ο ενδιαφερόμενος, που επιθυμεί να εφοδιαστεί με διαβατήριο, προσέρχεται αυτοπρόσωπα στο γραφείο διαβατηρίων του τόπου κατοικίας του και καταθέτει αίτηση – υπεύθυνη δήλωση, η οποία εκτυπώνεται μετά την καταχώρηση των στοιχείων του, σε ηλεκτρονική φόρμα από την υπηρεσία παραλαβής, αφού προηγουμένως την ελέγξει και εν συνεχεία την υπογράψει, επιβεβαιώνοντας με αυτό τον τρόπο το περιεχόμενό της.","Ο ενδιαφερόμενος, που επιθυμεί να εφοδιαστεί με διαβατήριο, προσέρχεται αυτοπρόσωπα στο γραφείο διαβατηρίων του τόπου κατοικίας του και καταθέτει αίτηση – υπεύθυνη δήλωση, η οποία εκτυπώνεται μετά την καταχώρηση των στοιχείων του, σε ηλεκτρονική φόρμα από την υπηρεσία παραλαβής, αφού προηγουμένως την ελέγξει και εν συνεχεία την υπογράψει, επιβεβαιώνοντας με αυτό τον τρόπο το περιεχόμενό της."
Ru0003,ABOUT PASSPORT,"Παράλληλα υποβάλλει τα κατά περίπτωση προβλεπόμενα δικαιολογητικά.","Παράλληλα υποβάλλει τα κατά περίπτωση προβλεπόμενα δικαιολογητικά."
Ru0004,ABOUT PASSPORT,"Εφόσον στο πρόσωπό του συντρέχουν σοβαροί λόγοι υγείας, που καθιστούν αδύνατη ή δυσχεραίνουν ουσιωδώς την μετακίνησή του και αποδεικνύονται με ιατρικό πιστοποιητικό κρατικού νοσοκομείου, για την παραλαβή των δικαιολογητικών μεταβαίνει στον ενδιαφερόμενο υπάλληλος της υπηρεσίας.","Εφόσον στο πρόσωπό του συντρέχουν σοβαροί λόγοι υγείας, που καθιστούν αδύνατη ή δυσχεραίνουν ουσιωδώς την μετακίνησή του και αποδεικνύονται με ιατρικό πιστοποιητικό κρατικού νοσοκομείου, για την παραλαβή των δικαιολογητικών μεταβαίνει στον ενδιαφερόμενο υπάλληλος της υπηρεσίας."
Ru0005,ABOUT PASSPORT,"Έλληνες που διαμένουν μόνιμα στο εξωτερικό ή βρίσκονται εκεί για συγκεκριμένους λόγους και είναι για ορισμένο χρονικό διάστημα στην Ελλάδα, δύνανται να υποβάλλουν τα δικαιολογητικά κατ εξαίρεση και στα γραφεία διαβατηρίων των τόπων προσωρινής διαμονής των στην χώρα.","Έλληνες που διαμένουν μόνιμα στο εξωτερικό ή βρίσκονται εκεί για συγκεκριμένους λόγους και είναι για ορισμένο χρονικό διάστημα στην Ελλάδα, δύνανται να υποβάλλουν τα δικαιολογητικά κατ εξαίρεση και στα γραφεία διαβατηρίων των τόπων προσωρινής διαμονής των στην χώρα."
Ru0006,CASES OF PASSPORT ISSUE,"1) Αρχική έκδοση : Έντυπο αίτησης – υπεύθυνης δήλωσης Ε1β.
Χρησιμοποιείται όταν ο ενδιαφερόμενος εφοδιάζεται για πρώτη φορά με διαβατήριο, σύμφωνα με τις διατάξεις του Ν. 3103/2003. Υπόδειγμα http://www.passport.gov.gr/tools/downloads/samples/","1) Αρχική έκδοση : Έντυπο Ε1β.
Χρησιμοποιείται όταν ο ενδιαφερόμενος εφοδιάζεται για πρώτη φορά με διαβατήριο.
Υπόδειγμα http://www.passport.gov.gr/tools/downloads/samples/"
Ru0007,CASES OF PASSPORT ISSUE,"2) Ανανέωση : Έντυπο αίτησης – υπεύθυνης δήλωσης Ε2β.
Χρησιμοποιείται όταν έχει εκδοθεί στο παρελθόν διαβατήριο από την Ελληνική Αστυνομία σύμφωνα με τις διατάξεις του Ν. 3103/2003, το οποίο έχει λήξει ή ζητείται η ανανέωσή του εντός 12μήνου πριν τη λήξη του. 
Με την έκδοση του νέου διαβατηρίου παύει αυτοδίκαια η ισχύς του προηγουμένου, στο οποίο τίθεται σχετική ένδειξη.","2) Ανανέωση : Έντυπο Ε2β.
Χρησιμοποιείται όταν έχει εκδοθεί στο παρελθόν διαβατήριο από την ΕΛ.ΑΣ., το οποίο έχει λήξει ή ζητείται η ανανέωσή του εντός 12μήνου πριν τη λήξη του. 
Με την έκδοση του νέου διαβατηρίου παύει αυτοδίκαια η ισχύς του προηγουμένου, στο οποίο τίθεται σχετική ένδειξη."
Ru0008,CASES OF PASSPORT ISSUE,"3) Αντικατάσταση : Έντυπο αίτησης – υπεύθυνης δήλωσης Ε3β.
Χρησιμοποιείται στις κάτωθι περιπτώσεις :
1. Συμπλήρωση σελίδων, 
2. Μεταβολές στοιχείων, 
3. Αλλοιώσεις/φθορές στο διαβατήριο ( φωτογραφία ή εσωτερικές σελίδες), 
4. Αναφέρονται κράτη μη επιθυμητά, 
5. Έκδοση ηλεκτρονικού διαβατηρίου. 
Στις περιπτώσεις αυτές γίνεται έλεγχος - επιβεβαίωση του λόγου που επικαλείται ο ενδιαφερόμενος και αφού ληφθούν θεωρημένα φωτοαντίγραφα της σελίδας προσωπικών δεδομένων και όσων άλλων πιστοποιούν την αναγκαιότητα αντικατάστασης, τα οποία τηρούνται στο αρχείο της Υπηρεσίας, το διαβατήριο επιστρέφεται στον δικαιούχο. Με την παραλαβή του νέου διαβατηρίου, το παλαιό ακυρώνεται.","3) Αντικατάσταση : Έντυπο  Ε3β.
Χρησιμοποιείται στις περιπτώσεις  α) συμπλήρωσης σελίδων, β) μεταβολών στοιχείων, γ) σε αλλοιώσεις/φθορές στο διαβατήριο ( φωτογραφία ή εσωτερικές σελίδες), δ) όταν  αναφέρονται κράτη μη επιθυμητά, ε) για την έκδοση ηλεκτρονικού διαβατηρίου. 
Με την παραλαβή του νέου διαβατηρίου, το παλαιό ακυρώνεται."
Ru0009,CASES OF PASSPORT ISSUE,"4) Απώλεια – κλοπή : Έντυπο αίτησης – υπεύθυνης δήλωσης Ε4β.
Χρησιμοποιείται για την αντικατάσταση διαβατηρίου που έχει δηλωθεί ως κλαπέν ή απωλεσθέν.
Στις περιπτώσεις των κλοπών - απωλειών, τα στοιχεία της αίτησης που αφορούν τον αριθμό του παλαιού διαβατηρίου και την ημερομηνία λήξης, συμπληρώνονται από τα γραφεία διαβατηρίων.","4) Απώλεια – κλοπή : Έντυπο Ε4β.
Χρησιμοποιείται για την αντικατάσταση διαβατηρίου που έχει δηλωθεί ως κλαπέν ή απωλεσθέν."
Ru0010,PASSPORT ISSUE PROCEDURE,"1) Ο ενδιαφερόμενος μεταβαίνει αυτοπροσώπως στο γραφείο  Υποδοχής Αιτήσεων της Διεύθυνσης Διαβατηρίων της Ελληνικής Αστυνομίας και καταθέτει τα απαραίτητα δικαιολογητικά.","1) Ο ενδιαφερόμενος μεταβαίνει αυτοπροσώπως στο γραφείο  Υποδοχής Αιτήσεων της Διεύθυνσης Διαβατηρίων της Ελληνικής Αστυνομίας και καταθέτει τα απαραίτητα δικαιολογητικά."
Ru0011,PASSPORT ISSUE PROCEDURE,"2) Για την υποβολή των δικαιολογητικών από ανήλικο ενδιαφερόμενο απαιτείται πέραν της παρουσίας του ανηλίκου και η αυτοπρόσωπη παρουσία των ασκούντων την επιμέλεια. Όταν η επιμέλεια ασκείται από τους δύο γονείς, αρκεί η αυτοπρόσωπη παρουσία του ενός και η έγγραφη συναίνεση του άλλου γονέα, του οποίου το ιδιόχειρο της υπογραφής βεβαιώνεται από οποιαδήποτε αρμόδια Διοικητική Αρχή.","2) Για την υποβολή των δικαιολογητικών από ανήλικο ενδιαφερόμενο απαιτείται πέραν της παρουσίας του ανηλίκου και η αυτοπρόσωπη παρουσία των ασκούντων την επιμέλεια."
Ru0012,PASSPORT ISSUE PROCEDURE,"3) Εφόσον στο πρόσωπό του ενδιαφερομένου συντρέχουν σοβαροί λόγοι υγείας, που καθιστούν αδύνατη ή δυσχεραίνουν ουσιωδώς την μετακίνησή του, αποδεικνύονται με ιατρικό πιστοποιητικό κρατικού νοσοκομείου, για την παραλαβή των δικαιολογητικών μεταβαίνει στον ενδιαφερόμενο υπάλληλος της υπηρεσίας διαβατηρίων.","3) Αν ο ενδιαφερόμενος δεν μπορεί να μετακινηθεί για σοβαρούς λόγους υγείας, για την παραλαβή των δικαιολογητικών μεταβαίνει στον ενδιαφερόμενο υπάλληλος της υπηρεσίας διαβατηρίων."
Ru0013,PASSPORT ISSUE PROCEDURE,"4) Τα γραφεία υποδοχής ελέγχουν τα δικαιολογητικά που κατατίθενται και αν συντρέχουν οι προϋποθέσεις χορήγησης διαβατηρίου. Η ημερομηνία έκδοσης των υποβαλλομένων κατά περίπτωση δικαιολογητικών δεν μπορεί να απέχει πέραν των έξι (6) μηνών από την ημερομηνία υποβολής τους στις αρμόδιες υπηρεσίες παραλαβής. ","4) Τα γραφεία υποδοχής ελέγχουν τα δικαιολογητικά που κατατίθενται και αν συντρέχουν οι προϋποθέσεις χορήγησης διαβατηρίου."
Ru0014,PASSPORT ISSUE PROCEDURE,"5) Σε περίπτωση απόρριψης του αιτήματος ο ενδιαφερόμενος ενημερώνεται από το γραφείο υποδοχής με προσωπική επιστολή και επιστρέφεται το καταβληθέν ποσό για τα παράβολα.","5) Σε περίπτωση απόρριψης του αιτήματος ο ενδιαφερόμενος ενημερώνεται από το γραφείο υποδοχής με προσωπική επιστολή και επιστρέφεται το καταβληθέν ποσό για τα παράβολα."
Ru0015,PASSPORT ISSUE PROCEDURE,"6) Τα δικαιολογητικά διαβιβάζονται στην Κεντρική Υπηρεσία έκδοσης διαβατηρίων με ταχυμεταφορά.","6) Τα δικαιολογητικά διαβιβάζονται στην Κεντρική Υπηρεσία έκδοσης διαβατηρίων με ταχυμεταφορά."
Ru0016,PASSPORT ISSUE PROCEDURE,"7) Η Κεντρική Υπηρεσία, εκδίδει το διαβατήριο εντός τριών (3) εργάσιμων ημερών από την παραλαβή όλων των απαραίτητων δικαιολογητικών. Υπό προϋποθέσεις η έκδοση διαβατηρίου μπορεί να πραγματοποιηθεί εντός μίας (1) εργάσιμης ημέρας.","7) Η Κεντρική Υπηρεσία, εκδίδει το διαβατήριο εντός τριών (3) εργάσιμων ημερών από την παραλαβή όλων των απαραίτητων δικαιολογητικών. Υπό προϋποθέσεις η έκδοση διαβατηρίου μπορεί να πραγματοποιηθεί εντός μίας (1) εργάσιμης ημέρας."
Ru0017,PASSPORT ISSUE PROCEDURE,"8) Το νέο διαβατήριο αποστέλλεται με τον ίδιο τρόπο στην Υπηρεσία όπου υποβλήθηκε η αίτηση.","8) Το νέο διαβατήριο αποστέλλεται με τον ίδιο τρόπο στην Υπηρεσία όπου υποβλήθηκε η αίτηση."
Ru0018,PASSPORT ISSUE PROCEDURE,"9) Ο ενδιαφερόμενος παραλαμβάνει το διαβατήριο από το γραφείο υποδοχής αυτοπροσώπως ή με εξουσιοδότηση, προσκομίζοντας την απόδειξη κατάθεσης.","9) Ο ενδιαφερόμενος παραλαμβάνει το διαβατήριο από το γραφείο υποδοχής αυτοπροσώπως ή με εξουσιοδότηση, προσκομίζοντας την απόδειξη κατάθεσης."
Ru0019,PASSPORT ISSUE PROCEDURE,"10) Διαβατήριο το οποίο δεν παραλαμβάνεται μέσα σε έξι (6) μήνες από την έκδοσή του επιστρέφεται στην κεντρική υπηρεσία και ακυρώνεται.","10) Διαβατήριο το οποίο δεν παραλαμβάνεται μέσα σε έξι (6) μήνες από την έκδοσή του επιστρέφεται στην κεντρική υπηρεσία και ακυρώνεται."
Ru0020,PLACE OF SUBMISSION OF DOCUMENTS,"Στον Ελλαδικό χώρο : ","Στον Ελλαδικό χώρο : "
Ru0021,PLACE OF SUBMISSION OF DOCUMENTS,"1) Στα Γραφεία Υποδοχής Αιτήσεων της Διεύθυνσης Διαβατηρίων της Ελληνικής Αστυνομίας, του τόπου κατοικίας του ενδιαφερομένου. Τα γραφεία διαβατηρίων λειτουργούν διαφορετικές ώρες και ορισμένα εξ αυτών λειτουργούν και τις Κυριακές. Λεπτομέρειες παρέχονται στη σελίδα http://www.passport.gov.gr/grafeia-kai-orario/grafeia-diavatirion-ellada/","1) Στα Γραφεία διαβατηρίων, του τόπου κατοικίας του ενδιαφερομένου. Λειτουργούν διαφορετικές ώρες και ορισμένα εξ αυτών λειτουργούν και τις Κυριακές. Λεπτομέρειες παρέχονται στη σελίδα http://www.passport.gov.gr/grafeia-kai-orario/grafeia-diavatirion-ellada/"
Ru0022,PLACE OF SUBMISSION OF DOCUMENTS,"2) Στις περιπτώσεις της κατά προτεραιότητα χορήγησης διαβατηρίου, δύναται να κατατίθενται οι αιτήσεις και τα δικαιολογητικά, κατ εξαίρεση στο Γραφείο διαβατηρίων που λειτουργεί στο αστυνομικό κατάστημα του Α.Τ. Παγκρατίου.","2) Κατ εξαίρεση στις επειγουσες εκδόσεις διαβατηρίων οι αιτήσεις και τα δικαιολογητικά μπορεί να κατατίθενται στο Γραφείο διαβατηρίων του ΑΤ Παγκρατίου."
Ru0023,PLACE OF SUBMISSION OF DOCUMENTS,"3) Έλληνες που διαμένουν μόνιμα στο εξωτερικό ή βρίσκονται εκεί για συγκεκριμένους λόγους και είναι για ορισμένο χρονικό διάστημα στην Ελλάδα, δύνανται να υποβάλλουν τα δικαιολογητικά κατ εξαίρεση και στα γραφεία διαβατηρίων των τόπων προσωρινής διαμονής των στην χώρα.","3) Έλληνες που διαμένουν μόνιμα στο εξωτερικό ή βρίσκονται εκεί για συγκεκριμένους λόγους και είναι για ορισμένο χρονικό διάστημα στην Ελλάδα, δύνανται να υποβάλλουν τα δικαιολογητικά κατ εξαίρεση και στα γραφεία διαβατηρίων των τόπων προσωρινής διαμονής των στην χώρα."
Ru0024,PLACE OF SUBMISSION OF DOCUMENTS,"Στο εξωτερικό :","Στο εξωτερικό :"
Ru0025,PLACE OF SUBMISSION OF DOCUMENTS,"1) Στην αλλοδαπή οι έμμισθες Προξενικές Αρχές , δέχονται τα δικαιολογητικά για την έκδοση διαβατηρίων των Ελλήνων πολιτών που διαμένουν στο εξωτερικό, ή βρίσκονται εκεί για εργασία, σπουδές, τουρισμό ή λόγους υγείας. Λεπτομέρειες για τις προξενικές Αρχές της Ελλάδας στο εξωτερικό παρέχονται στη σελίδα http://www.passport.gov.gr/grafeia-kai-orario/grafeia-diavatirion-world/","1) Στην αλλοδαπή οι έμμισθες Προξενικές Αρχές , δέχονται τα δικαιολογητικά για την έκδοση διαβατηρίων των Ελλήνων πολιτών που διαμένουν στο εξωτερικό, ή βρίσκονται εκεί για εργασία, σπουδές, τουρισμό ή λόγους υγείας. Λεπτομέρειες για τις προξενικές Αρχές της Ελλάδας στο εξωτερικό παρέχονται στη σελίδα http://www.passport.gov.gr/grafeia-kai-orario/grafeia-diavatirion-world/"
Ru0026,PLACE OF SUBMISSION OF DOCUMENTS,"2) Τα δικαιολογητικά υποβάλλονται αυτοπρόσωπα από τους ενδιαφερομένους και εκτός ελάχιστων εξαιρέσεων, είναι τα αυτά που κατατίθενται στο εσωτερικό της χώρας. Επίσης τηρείται η ίδια διαδικασία, με εξαίρεση την αποστολή των δικαιολογητικών στην Διεύθυνση Διαβατηρίων και την επιστροφή αυτών με τα εκδοθέντα νέα διαβατήρια, η οποία και πραγματοποιείται με διπλωματικούς σάκους, μέσω της αρμόδιας Υπηρεσίας του Υπουργείου Εξωτερικών.","2) Τα δικαιολογητικά υποβάλλονται αυτοπρόσωπα από τους ενδιαφερομένους και εκτός ελάχιστων εξαιρέσεων, είναι τα αυτά που κατατίθενται στο εσωτερικό της χώρας. Επίσης τηρείται η ίδια διαδικασία."
Ru0027,DURATION OF PASSPORT,"1) Πέντε (5) χρόνια : Των ενηλίκων και τον ανηλίκων άνω των 14 ετών από την ημέρα έκδοσης.","1) Πέντε (5) χρόνια : Των ενηλίκων και τον ανηλίκων άνω των 14 ετών από την ημέρα έκδοσης."
Ru0028,DURATION OF PASSPORT,"2) Τρία (3) χρόνια  : Των  λοιπών ανηλίκων (έως 14 ετών), από την ημερομηνία έκδοσης.","2) Τρία (3) χρόνια  : Των  λοιπών ανηλίκων (έως 14 ετών), από την ημερομηνία έκδοσης."
Ru0029,DURATION OF PASSPORT,"3) Δεκατρείς (13) μήνες : Το διαβατήριο που χορηγείται κατ  εξαίρεση στην περίπτωση χορήγησης σε πολίτη που εμπίπτει σε απαγόρευση έκδοσης διαβατηρίου όταν αυτή αίρεται  με δικαστική απόφαση ή εισαγγελική διάταξη, εφόσον είναι αναγκαία η μετάβαση του στην αλλοδαπή για λόγους νοσηλείας ή θανάτου ή σοβαρής ασθένειας.","3) Δεκατρείς (13) μήνες : Αφορά διαβατήριο που χορηγείται κατ  εξαίρεση όταν υπάρχει απαγόρευση έκδοσης διαβατηρίου και αυτή αίρεται  με δικαστική απόφαση ή εισαγγελική διάταξη, εφόσον είναι αναγκαία η μετάβαση του στην αλλοδαπή για λόγους νοσηλείας ή θανάτου ή σοβαρής ασθένειας."
Ru0030,DURATION OF PASSPORT,"4) Οκτώ (8) μήνες : Αποκλειστικά και μόνο για τις περιπτώσεις που η λήψη δακτυλικών αποτυπωμάτων είναι προσωρινά αδύνατη.","4) Οκτώ (8) μήνες : Αποκλειστικά και μόνο για τις περιπτώσεις που η λήψη δακτυλικών αποτυπωμάτων είναι προσωρινά αδύνατη."
Ru0031,DURATION OF PASSPORT,"5) Τρείς (3) μήνες : Αποκλειστικά και μόνο για τις περιπτώσεις διαβατηρίων που αφορούν μεταγωγή κρατουμένου από σωφρονιστικό κατάστημα της αλλοδαπής στην ημεδαπή και αντιστρόφως.","5) Τρείς (3) μήνες : Αφορά διαβατήρια για μεταγωγή κρατουμένου από σωφρονιστικό κατάστημα της αλλοδαπής στην ημεδαπή και αντιστρόφως."
Ru0032,DURATION OF PASSPORT,"6) Διάρκεια ίδια με αυτού που αντικαθίσταται : Αφορά στις περιπτώσεις αντικατάστασης διαβατηρίου.","6) Διάρκεια ίδια με αυτού που αντικαθίσταται : Αφορά στις περιπτώσεις αντικατάστασης διαβατηρίου."
Ru0033,EMERGENCY PASSPORT ISSUANCE,"Κατ εξαίρεση, η έκδοση του διαβατηρίου γίνεται, κατά προτεραιότητα, εντός μίας (1) εργάσιμης ημέρας από την παραλαβή της αίτησης από την Διεύθυνση Διαβατηρίων, εφόσον συντρέχουν περιοριστικά οι ακόλουθοι λόγοι:","Κατ εξαίρεση, μπορεί να εκδοθεί διαβατήριο εντός μίας (1) εργάσιμης ημέρας, εφόσον συντρέχουν περιοριστικά οι ακόλουθοι λόγοι:"
Ru0034,EMERGENCY PASSPORT ISSUANCE,"1) Προσωπικοί σοβαροί λόγοι υγείας, οι οποίοι επιβάλλουν νοσηλεία στο εξωτερικό. Με την ίδια διαδικασία χορηγείται διαβατήριο και στον σύζυγο ή συγγενή ασθενούς μέχρι β βαθμού, καθώς και στον ιατρό ή νοσηλευτή που πρόκειται να συνοδεύσουν τον ασθενή.","1) Προσωπικοί σοβαροί λόγοι υγείας, οι οποίοι επιβάλλουν νοσηλεία στο εξωτερικό. Με την ίδια διαδικασία χορηγείται διαβατήριο και στον σύζυγο ή συγγενή ασθενούς μέχρι β βαθμού, καθώς και στον ιατρό ή νοσηλευτή που πρόκειται να συνοδεύσουν τον ασθενή."
Ru0035,EMERGENCY PASSPORT ISSUANCE,"2) Θάνατος συγγενούς εξ αίματος ή εξ αγχιστείας μέχρι β βαθμού.","2) Θάνατος συγγενούς εξ αίματος ή εξ αγχιστείας μέχρι β βαθμού."
Ru0036,EMERGENCY PASSPORT ISSUANCE,"3) Τραυματισμός ή σοβαρός λόγος υγείας που αποδεικνύεται με ιατρικό πιστοποιητικό αλλοδαπού κρατικού νοσοκομείου.","3) Τραυματισμός ή σοβαρός λόγος υγείας που αποδεικνύεται με ιατρικό πιστοποιητικό αλλοδαπού κρατικού νοσοκομείου."
Ru0037,EMERGENCY PASSPORT ISSUANCE,"4) Εξαφάνιση συγγενούς μέχρι β βαθμού του ενδιαφερομένου που διαμένει στο εξωτερικό.","4) Εξαφάνιση συγγενούς μέχρι β βαθμού του ενδιαφερομένου που διαμένει στο εξωτερικό."
Ru0038,EMERGENCY PASSPORT ISSUANCE,"5) Πρόκληση καταστροφής στην περιουσία του ενδιαφερομένου συνεπεία φυσικών καταστροφών ή άλλων γεγονότων ανωτέρας βίας.","5) Πρόκληση καταστροφής στην περιουσία του ενδιαφερομένου συνεπεία φυσικών καταστροφών ή άλλων γεγονότων ανωτέρας βίας."
Ru0039,LOSS-THEFT OF PASSPORT,"1) Σε περίπτωση απώλειας ή κλοπής διαβατηρίου, ο ενδιαφερόμενος υποχρεούται να υποβάλει αμέσως στην πλησιέστερη αστυνομική ή προξενική αρχή υπεύθυνη δήλωση του άρθρου 8 του Ν.1599/1986, για τον τόπο, το χρόνο και τις συνθήκες απώλειας ή κλοπής του διαβατηρίου του. 
Στις περιπτώσεις αυτές ενημερώνονται αμέσως η Διεύθυνση Κρατικής Ασφάλειας του Αρχηγείου Ελληνικής Αστυνομίας, καθώς και οι Υπηρεσίες που ασκούν διαβατηριακό έλεγχο.","1) Σε περίπτωση απώλειας ή κλοπής διαβατηρίου, ο ενδιαφερόμενος υποχρεούται να υποβάλει αμέσως στην πλησιέστερη αστυνομική ή προξενική αρχή υπεύθυνη δήλωση του άρθρου 8 του Ν.1599/1986, για τον τόπο, το χρόνο και τις συνθήκες απώλειας ή κλοπής του διαβατηρίου του."
Ru0040,LOSS-THEFT OF PASSPORT,"2) Για τις συνθήκες απώλειας ή κλοπής του διαβατηρίου ενεργείται έρευνα από τις αρμόδιες αστυνομικές ή προξενικές αρχές, η οποία μπορεί να διαρκέσει μέχρι τρεις μήνες από την ημερομηνία υποβολής της δήλωσης. 
Σε περίπτωση νέας δήλωσης για απώλεια ή κλοπή διαβατηρίου εντός πενταετίας, η έρευνα μπορεί να διαρκέσει μέχρι ένα έτος ανάλογα με τη σοβαρότητα της περίπτωσης.","2) Για τις συνθήκες απώλειας ή κλοπής του διαβατηρίου ενεργείται έρευνα η οποία μπορεί να διαρκέσει μέχρι τρεις μήνες.
Σε περίπτωση νέας δήλωσης εντός πενταετίας, η έρευνα μπορεί να διαρκέσει μέχρι ένα έτος."
Ru0041,LOSS-THEFT OF PASSPORT,"3) Όσο διαρκεί η έρευνα από τις αρμόδιες αστυνομικές ή προξενικές αρχές, η οποία μπορεί να διαρκέσει μέχρι τρεις μήνες από την ημερομηνία υποβολής της δήλωσης, δεν χορηγείται νέο διαβατήριο στον δικαιούχο του απωλεσθέντος ή κλαπέντος, εκτός αν  συντρέχει κάποια από τις εξής περιπτώσεις :   
Νοσηλεία στην αλλοδαπή του ιδίου ή του συζύγου ή συγγενούς αυτού εξ αίματος ή εξ αγχιστείας μέχρι β βαθμού, για σοβαρούς λόγους υγείας, θάνατος ή σοβαρή ασθένεια στην αλλοδαπή του συζύγου ή συγγενούς αυτού εξ αίματος ή εξ αγχιστείας μέχρι β βαθμού, σοβαρός λόγος άμεσης μετάβασης του ενδιαφερομένου στην αλλοδαπή όπως ναυτολόγηση ναυτικού ή επιστροφή μονίμου κατοίκου του εξωτερικού.","3) Όσο διαρκεί η έρευνα, δεν χορηγείται νέο διαβατήριο, εκτός αν  συντρέχουν  σοβαροί λόγοι υγείας ή  σοβαρός λόγος άμεσης μετάβασης στην αλλοδαπή όπως ναυτολόγηση ναυτικού ή επιστροφή μονίμου κατοίκου του εξωτερικού."
Ru0042,LOSS-THEFT OF PASSPORT,"4) Συνιστάται Επιτροπή η οποία είναι αρμόδια να αξιολογεί τις περιπτώσεις απώλειας ή κλοπής διαβατηρίων και να αποφαίνεται σχετικά με τη χορήγηση νέου διαβατηρίου στον δικαιούχο του απωλεσθέντος ή κλαπέντος. 
Η Επιτροπή αυτή συγκροτείται με απόφαση του Αρχηγού της Ελληνικής Αστυνομίας και αποτελείται από τον Υπαρχηγό της Ελληνικής Αστυνομίας, τον Προϊστάμενο του Κλάδου Ασφάλειας και Τάξης του Αρχηγείου της Ελληνικής Αστυνομίας και το Διευθυντή της Διεύθυνσης Διαβατηρίων του Αρχηγείου της Ελληνικής Αστυνομίας.","Περισσότερες λεπτομέρειες παρέχονται στη σελίδα http://www.passport.gov.gr/tools/faq/klopiapoleia.html"
Ru0043,LOSS-THEFT OF PASSPORT,"5) Το διαβατήριο του οποίου έχει δηλωθεί απώλεια ή κλοπή θεωρείται αυτοδικαίως άκυρο από της υποβολής της σχετικής δήλωσης. 
Σε περίπτωση ανεύρεσης του, παραδίδεται στην Υπηρεσία, στην οποία δηλώθηκε η απώλεια ή κλοπή και εφαρμόζονται περαιτέρω ανάλογα οι διατάξεις της παρ. 3 του άρθρου 3 του παρόντος, εκτός αν έχει κατασχεθεί στα πλαίσια της ποινικής διαδικασίας.",""
Ru0044,CANCELLATION OF PASSPORT,"1) Διαβατήριο που εκδόθηκε με τη χρήση πλαστών, νοθευμένων, παραποιημένων, άκυρων ή ψευδών δικαιολογητικών ή φέρει ενδείξεις νόθευσης, αλλοίωσης ή παραποίησης των στοιχείων του, κατάσχεται από την υπηρεσία που διαπιστώνει το γεγονός. 
Το διαβατήριο αυτό ακυρώνεται από την υπηρεσία που το εξέδωσε σε περίπτωση που εκδοθεί σχετικώς αμετάκλητη καταδικαστική απόφαση ποινικού δικαστηρίου. Διαβατήριο που ανήκε σε θανόντα παραδίδεται με επιμέλεια των  οικείων ή νομίμων κληρονόμων του στην υπηρεσία που το εξέδωσε και ακυρώνεται.","1) Διαβατήριο που εκδόθηκε με τη χρήση πλαστών, νοθευμένων, παραποιημένων, άκυρων ή ψευδών δικαιολογητικών ή φέρει ενδείξεις νόθευσης, αλλοίωσης ή παραποίησης των στοιχείων του, κατάσχεται από την υπηρεσία που διαπιστώνει το γεγονός. 
Το διαβατήριο αυτό ακυρώνεται."
Ru0045,CANCELLATION OF PASSPORT,"2) Εφόσον κατά τον έλεγχο από τις αρμόδιες αστυνομικές ή προξενικές αρχές διαπιστωθεί ότι σε βάρος κατόχου διαβατηρίου εκκρεμεί απόφαση απαγόρευσης εξόδου από τη Χώρα ή έχει ασκηθεί ποινική δίωξη για κακούργημα ή αδίκημα της περίπτωσης α της παρ. 2 του άρθρου 1 του ΠΔ.25/2004, το διαβατήριο αφαιρείται και αποστέλλεται προς φύλαξη στη Διεύθυνση Διαβατηρίων του Αρχηγείου Ελληνικής Αστυνομίας. 
Ο κάτοχος του διαβατηρίου που αφαιρέθηκε μπορεί να το παραλάβει αντιστοίχως μετά την άρση του μέτρου της απαγόρευσης εξόδου ή μετά την οριστική παύση της ποινικής δίωξης ή την έκδοση απαλλακτικού βουλεύματος ή τελεσίδικης αθωωτικής απόφασης. 
Σε περίπτωση έκδοσης τελεσίδικης καταδικαστικής απόφασης για τα αδικήματα της περίπτωσης α της παρ. 2 του άρθρου 1 του ΠΔ.25/2004, το διαβατήριο δεν παραδίδεται πριν την παρέλευση του χρονικού διαστήματος που προβλέπεται στην ίδια διάταξη.","2) Εφόσον μετά από έλεγχο διαπιστωθεί ότι σε βάρος κατόχου διαβατηρίου εκκρεμεί απόφαση απαγόρευσης εξόδου από τη Χώρα ή έχει ασκηθεί ποινική δίωξη για συγκεκριμένες περιπτώσεις, το διαβατήριο αφαιρείται."
Ru0046,CANCELLATION OF PASSPORT,"3) Σε περίπτωση που μεταβληθούν τα στοιχεία προσωπικής κατάστασης του κατόχου που αναγράφονται στο διαβατήριο, αυτό ακυρώνεται, σύμφωνα με την παρ. 3 του άρθρου 3 του ΠΔ.25/2004, ανεξαρτήτως της υποβολής αίτησης αντικατάστασης.","3) Σε περίπτωση που μεταβληθούν τα στοιχεία προσωπικής κατάστασης του κατόχου που αναγράφονται στο διαβατήριο, αυτό ακυρώνεται, ανεξαρτήτως της υποβολής αίτησης αντικατάστασης."
Ru0047,PASSPORT CONTENT,"1) Στο διαβατήριο αναγράφονται τα στοιχεία προσωπικής κατάστασης του κατόχου, ήτοι επώνυμο, όνομα, ιθαγένεια, ημερομηνία και τόπος γέννησης, φύλο και ύψος του κατόχου. 
Το επώνυμο και το όνομα αναγράφονται και με λατινικούς χαρακτήρες.  Στην ίδια σελίδα αναγράφονται επίσης η εκδούσα αρχή, ο αριθμός του διαβατηρίου, οι ημερομηνίες έκδοσης και λήξης αυτού, ενώ περιλαμβάνεται η εκτυπωμένη φωτογραφία του κατόχου. ","1) Στο διαβατήριο αναγράφονται το επώνυμο, όνομα, ιθαγένεια, ημερομηνία και τόπος γέννησης, φύλο και ύψος του κατόχου. 
Το επώνυμο και το όνομα αναγράφονται και με λατινικούς χαρακτήρες.  Στην ίδια σελίδα αναγράφονται επίσης η εκδούσα αρχή, ο αριθμός του διαβατηρίου, οι ημερομηνίες έκδοσης και λήξης αυτού, ενώ περιλαμβάνεται η εκτυπωμένη φωτογραφία του κατόχου."
Ru0048,PASSPORT CONTENT,"2) Στο διαβατήριο περιλαμβάνονται επίσης η υπογραφή του, εφόσον αυτός είναι άνω των δώδεκα (12) ετών, καθώς και ενσωματωμένο μέσο αποθήκευσης στο οποίο περιέχονται η φωτογραφία του κατόχου, τα στοιχεία που αναγράφονται στη μηχανικώς αναγνώσιμη ζώνη του διαβατηρίου και τα δακτυλικά αποτυπώματα, υπό μορφή που εξασφαλίζεται η διαλειτουργικότητα. ","2) Επίσης η υπογραφή του, εφόσον αυτός είναι άνω των δώδεκα (12) ετών, καθώς και αποθηκευμένα ψηφιακά η φωτογραφία του κατόχου και τα δακτυλικά αποτυπώματα."
Ru0049,PASSPORT CONTENT,"3) Στα διαβατήρια που χορηγούνται σε ανηλίκους κάτω των δώδεκα (12) ετών καθώς και σε πρόσωπα για τα οποία δεν είναι δυνατή μόνιμα ή προσωρινά η λήψη δακτυλικών αποτυπωμάτων, το ενσωματωμένο μέσο αποθήκευσης περιέχει μόνο τη φωτογραφία και τα στοιχεία που αναφέρονται στη μηχανικώς αναγνώσιμη ζώνη. ","3) Στα διαβατήρια που χορηγούνται σε ανηλίκους κάτω των δώδεκα (12) ετών καθώς και σε πρόσωπα για τα οποία δεν είναι δυνατή μόνιμα ή προσωρινά η λήψη δακτυλικών αποτυπωμάτων, το ενσωματωμένο μέσο αποθήκευσης περιέχει μόνο τη φωτογραφία και τα στοιχεία."
Ru0050,PASSPORT CONTENT,"4) Προκειμένου περί ανηλίκου κάτω των δώδεκα (12) ετών ή προσώπου που τελεί υπό επιτροπεία ή δικαστική συμπαράσταση, υπογράφει ο κατά το άρθρο 1 παρ. 3 νόμιμος εκπρόσωπός τους. ","4) Προκειμένου περί ανηλίκου κάτω των δώδεκα (12) ετών ή προσώπου που τελεί υπό επιτροπεία ή δικαστική συμπαράσταση, υπογράφει ο κατά το άρθρο 1 παρ. 3 νόμιμος εκπρόσωπός τους. "
Ru0051,PASSPORT CONTENT,"5) Σε περίπτωση ενηλίκου ο οποίος αδυνατεί να υπογράψει για οποιονδήποτε άλλο λόγο, το διαβατήριο και η αίτηση υπογράφονται από ένα μάρτυρα και συντάσσεται σχετικό πρακτικό.","5) Σε περίπτωση ενηλίκου ο οποίος αδυνατεί να υπογράψει για οποιονδήποτε άλλο λόγο, το διαβατήριο και η αίτηση υπογράφονται από ένα μάρτυρα και συντάσσεται σχετικό πρακτικό."
Ru0052,PASSPORT CONTENT,"Για τα βιομετρικά χαρακτηριστικά του διαβατηρίου, λεπτομέρειες παρέχονται στη σελίδα http://www.passport.gov.gr/e-passport/biometrics.html","Για τα βιομετρικά χαρακτηριστικά του διαβατηρίου, λεπτομέρειες παρέχονται στη σελίδα http://www.passport.gov.gr/e-passport/biometrics.html"
Ru0053,VISA ABOUT,"Η visa είναι ένα επίσημο ταξιδιωτικό έγγραφο που εκδίδεται από μια ξένη χώρα και επιτρέπει στον κάτοχο της να εισέλθει στα εδάφη της, για ένα συγκεκριμένο χρονικό διάστημα","Η visa είναι ένα επίσημο ταξιδιωτικό έγγραφο που εκδίδεται από μια ξένη χώρα και επιτρέπει στον κάτοχο της να εισέλθει στα εδάφη της, για ένα συγκεκριμένο χρονικό διάστημα."
Ru0054,VISA ISSUE PROCEDURE,"Οι αιτούντες, απαιτείται να συμπληρώσουν την ηλεκτρονική αίτηση στην διεύθυνση https://bio.visaforchina.org/ATH2_EN/ 
","Οι αιτούντες, απαιτείται να συμπληρώσουν την ηλεκτρονική αίτηση στην διεύθυνση https://bio.visaforchina.org/ATH2_EN/ 
"
Ru0055,VISA ISSUE PROCEDURE,"Όλοι οι αιτούντες απαιτείται να προσέρχονται αυτοπροσώπως στο Κέντρο Θεωρήσεων ΚΙΝΑΣ για λήψη βιομετρικών στοιχείων, εκτός των παρακάτω:","Όλοι οι αιτούντες απαιτείται να προσέρχονται αυτοπροσώπως στο Κέντρο Θεωρήσεων ΚΙΝΑΣ για λήψη βιομετρικών στοιχείων, εκτός των παρακάτω:"
Ru0056,VISA ISSUE PROCEDURE,"1.Παιδιά ηλικίας κάτω των 14 ετών και ενήλικοι άνω των 70 ετών.","1.Παιδιά ηλικίας κάτω των 14 ετών και ενήλικοι άνω των 70 ετών."
Ru0057,VISA ISSUE PROCEDURE,"2. Αιτούντες που έχουν εκδόσει κινεζική θεώρηση με το ίδιο διαβατήριο κατά τα τελευταία 5 χρόνια στο Κέντρο Θεωρήσεων Κίνας στην Αθήνα, το οποίο έχει λάβει τα αποτυπώματά τους. Απαιτείται φωτοτυπία της σχετικής παλαιότερης θεώρησης.","2. Αιτούντες που έχουν εκδόσει κινεζική θεώρηση με το ίδιο διαβατήριο κατά τα τελευταία 5 χρόνια στο Κέντρο Θεωρήσεων Κίνας στην Αθήνα, το οποίο έχει λάβει τα αποτυπώματά τους. Απαιτείται φωτοτυπία της σχετικής παλαιότερης θεώρησης."
Ru0059,VISA ISSUE PROCEDURE,"Η Ρωσία έχει εισαγάγει μια ενοποιημένη ηλεκτρονική θεώρηση εισόδου για επίσκεψη σε ολόκληρη τη ρωσική επικράτεια. Αυτή η ηλεκτρονική θεώρηση επιτρέπει να εισέλθουν πολίτες στη χώρα μόνο μία φορά για τουριστική επίσκεψη, για μέγιστο διάστημα 16 ημερών. ","Η Ρωσία έχει εισαγάγει ηλεκτρονική θεώρηση εισόδου που επιτρέπει να εισέλθουν πολίτες στη χώρα μόνο μία φορά για τουριστική επίσκεψη, για μέγιστο διάστημα 16 ημερών. "
Ru0060,VISA ISSUE PROCEDURE,"Εναλλακτικά οι αιτούντες, μπορούν να υποβάλουν την αίτηση αυτοπροσώπως στο κέντρο θεωρήσεων visa της Ρωσίας ή να στείλουν την αίτηση ταχυδρομικά.","Εναλλακτικά οι αιτούντες, μπορούν να υποβάλουν την αίτηση αυτοπροσώπως στο κέντρο θεωρήσεων visa της Ρωσίας ή να στείλουν την αίτηση ταχυδρομικά."
Ru0061,VISA ISSUE PROCEDURE," Αντιστοίχως μπορουν να παραλάβουν την visa από το κέντρο θεωρήσεων visa ή ταχυδρομικώς."," Αντιστοίχως μπορουν να παραλάβουν την visa από το κέντρο θεωρήσεων visa ή ταχυδρομικώς."
Ru0062,VISA ISSUE PROCEDURE,"Σημειώστε ότι για να παραλάβετε την visa απο το Κέντρο Θεωρήσεων θα πρέπει να παρουσιάσετε το πρωτότυπο παραστατικό που σας έχει δοθεί κατά την υποβολή, το οποίο θα συλλεχθεί από εσάς ως απόδειξη παραλαβής της visa σας. Βεβαιωθείτε ότι έχετε ένα αντίγραφο εάν το χρειάζεστε για τα αρχεία σας.","Σημειώστε ότι για να παραλάβετε την visa απο το Κέντρο Θεωρήσεων θα πρέπει να παρουσιάσετε το πρωτότυπο παραστατικό που σας έχει δοθεί κατά την υποβολή."
Ru0063,VISA ISSUE PROCEDURE,"Αν δεν έχετε το πρωτότυπο παραστατικό, βεβαιωθείτε ότι έχετε δώσει ενα επίσημο έγγραφο με τη φωτογραφία σας.","Αν δεν έχετε το πρωτότυπο παραστατικό, βεβαιωθείτε ότι έχετε δώσει ενα επίσημο έγγραφο με τη φωτογραφία σας."
Ru0064,VISA ISSUE PROCEDURE,"Εάν επιθυμείτε να ορίσετε κάποιον για να παραλάβει την visa για λογαριασμό σας, βεβαιωθείτε ότι έχει το πρωτότυπο παραστατικό και μια εξουσιοδότηση.","Εάν επιθυμείτε να ορίσετε κάποιον για να παραλάβει την visa για λογαριασμό σας, βεβαιωθείτε ότι έχει το πρωτότυπο παραστατικό και μια εξουσιοδότηση."
Ru0065,VISA ISSUE PROCEDURE,"Είναι ευθύνη του αιτούντος να ελέγξει την εγκυρότητα της θεώρησης που του χορηγήθηκε ώστε να καλύπτει την απαιτούμενη περίοδο διαμονής, τον αριθμό των εισόδων αλλά και τις απαιτούμενες πληροφορίες καθώς και ότι ισχύει για το ταξίδι αμέσως μετά τη παραλαβή της visa Η Πρεσβεία της Ρωσικής Ομοσπονδίας στην Ελλάδα θα δεχτεί την υποβολή εκ νέου  για διόρθωση της visa μόνο την ημέρα της παραλαβής της.","Είναι ευθύνη του αιτούντος να ελέγξει την εγκυρότητα της θεώρησης που του χορηγήθηκε."
Ru0066,VISA ISSUE PROCEDURE,"Η Ελλάδα είναι μια από τις χώρες που παρέχεται η δυνατότητα έκδοσης ηλεκτρονικής visa. H eVisa μπορεί να εκδοθεί για τους ακόλουθους λόγους : τουρισμός / αναψυχή / βραχυπρόθεσμα μαθήματα, επιχειρήσεις, ιατρικές επισκέψεις ή συνέδρια.","Η Ελλάδα είναι μια από τις χώρες που παρέχεται η δυνατότητα έκδοσης ηλεκτρονικής visa."
Ru0067,VISA ISSUE PROCEDURE,"Η διαδικασία διενεργείται  στην ηλεκτρονική τοποθεσία https://indianvisaonline.gov.in/evisa ","Η διαδικασία διενεργείται  στην ηλεκτρονική τοποθεσία https://indianvisaonline.gov.in/evisa "
Ru0068,VISA ISSUE PROCEDURE,"Ο πολίτης αφού συμπληρώσει την ηλεκτρονική αίτηση και πληρώσει το αντίστοιχο αντίτιμο  χρησιμοποιώντας επιταγή, χρεωστική κάρτα, πιστωτική κάρτα ή λογαριασμό PayPal, θα παραλάβει αντίγραφο PDF της Ινδικής Τουριστικής Βίζας στο ηλεκτρονικό του ταχυδρομείο.","Ο πολίτης αφού συμπληρώσει την ηλεκτρονική αίτηση και πληρώσει το αντίστοιχο αντίτιμο, θα παραλάβει αντίγραφο PDF της Ινδικής Τουριστικής Βίζας στο ηλεκτρονικό του ταχυδρομείο."
Ru0069,VISA ISSUE PROCEDURE,"Για τις υπόλοιπες περιπτώσεις οι αιτούντες, απαιτείται να συμπληρώσουν την ηλεκτρονική αίτηση στην διεύθυνση : https://indianvisaonline.gov.in/visa/","Για τις υπόλοιπες περιπτώσεις οι αιτούντες, απαιτείται να συμπληρώσουν την ηλεκτρονική αίτηση στην διεύθυνση : https://indianvisaonline.gov.in/visa/"
Ru0070,VISA ISSUE PROCEDURE," και στην συνέχεια να προσέρχονται αυτοπροσώπως στην Πρεσβεία της Ινδίας αφού περάσουν 24 ώρες από την ηλεκτρονική εγγραφή της αίτησης τους και εντός 30 ημερών. Δεν απαιτείται ραντεβού."," και στην συνέχεια να προσέρχονται αυτοπροσώπως στην Πρεσβεία της Ινδίας αφού περάσουν 24 ώρες από την ηλεκτρονική εγγραφή της αίτησης τους και εντός 30 ημερών. Δεν απαιτείται ραντεβού."
Ru0071,VISA ISSUE PROCEDURE,"Η βίζα πρέπει να παραληφθεί από τον αιτούντα με την πρωτότυπη απόδειξη που έχει παραληφθεί από την πρεσβεία","Η βίζα πρέπει να παραληφθεί από τον αιτούντα με την πρωτότυπη απόδειξη που έχει παραληφθεί από την πρεσβεία"
Ru0072,VISA ISSUE PROCEDURE,"Ο αιτών μπορεί επίσης να εξουσιοδοτήσει κάποιον να παραλάβει την visa του/της δίνοντας μια επιστολή εξουσιοδότησης, ( υπεύθυνη δήλωση ) που απευθύνεται στην Πρεσβεία της Ινδίας στην Ελλάδα μαζί με αντίγραφο της φωτογραφίας ταυτότητας του εξουσιοδοτημένου ατόμο.","Ο αιτών μπορεί επίσης να εξουσιοδοτήσει κάποιον να παραλάβει την visa του/της δίνοντας μια επιστολή εξουσιοδότησης, μαζί με αντίγραφο της φωτογραφίας ταυτότητας του εξουσιοδοτημένου ατόμο"
Ru0073,VISA ISSUE PROCEDURE,"Οι κάτοχοι ελληνικού διαβατηρίου μπορούν να αποκτήσουν visa μονής εισόδου κατά την είσοδο τους στην Αίγυπτο (Visa on Arrival) για ταξίδια μέχρι και ένα μήνα.","Οι κάτοχοι ελληνικού διαβατηρίου μπορούν να αποκτήσουν visa μονής εισόδου κατά την είσοδο τους στην Αίγυπτο (Visa on Arrival) για ταξίδια μέχρι και ένα μήνα."
Ru0074,VISA ISSUE PROCEDURE,"Αν το ταξίδι διαρκεί περισσότερο η visa κατά την άφιξη μπορεί να ανανεωθεί στο Καϊρο ή σε κάποια άλλη μεγάλη πόλη.","Αν το ταξίδι διαρκεί περισσότερο η visa κατά την άφιξη μπορεί να ανανεωθεί στο Καϊρο ή σε κάποια άλλη μεγάλη πόλη."
Ru0075,VISA ISSUE PROCEDURE,"Δίνεται η δυνατότητα έκδοσης  τουριστικής evisa  απλής ή πολλαπλής εισόδου πριν το ταξίδι διαδικτυακά στην τοποθεσία https://www.visa2egypt.gov.eg.","Δίνεται η δυνατότητα έκδοσης  τουριστικής evisa  απλής ή πολλαπλής εισόδου πριν το ταξίδι διαδικτυακά στην τοποθεσία https://www.visa2egypt.gov.eg."
Ru0076,VISA ISSUE PROCEDURE,"Αν για οποιονδήποτε λόγο δεν μπορεί να εκδοθεί evisa αίτημα μπορεί να υποβληθεί και στην Αιγυπτιακή Πρεσβεία.","Αν για οποιονδήποτε λόγο δεν μπορεί να εκδοθεί evisa αίτημα μπορεί να υποβληθεί και στην Αιγυπτιακή Πρεσβεία."
Ru0077,VISA ISSUE PROCEDURE,"Για περισσότερες πληροφορίες και ραντεβου επικοινωνήστε στο 216 0002700.","Για περισσότερες πληροφορίες και ραντεβου επικοινωνήστε στο 216 0002701."
Ru0078,VISA ISSUE PROCEDURE,"Η τουριστική βίζα χορηγείται για όλες τις εθνικότητες κατά την άφιξη στις Μαλδίβες. Ως εκ τούτου, ένας αλλοδαπός που ταξιδεύει στις Μαλδίβες ως τουρίστας δεν χρειάζεται προέγκριση για τη βίζα. Η βίζα παρέχεται δωρεάν.","Η τουριστική βίζα χορηγείται για όλες τις εθνικότητες κατά την άφιξη στις Μαλδίβες. Ως εκ τούτου, ένας αλλοδαπός που ταξιδεύει στις Μαλδίβες ως τουρίστας δεν χρειάζεται προέγκριση για τη βίζα. Η βίζα παρέχεται δωρεάν."
Ru0079,VISA ISSUE PROCEDURE,"Η Κούβα εκδίδει θεωρήσεις εισόδου μέσω της πρεσβείας της στην Ελλάδα. Εάν το αίτημα υποβληθεί ταχυδρομικώς ή μέσω τρίτου προσώπου, θα χρεωθεί επιπλέον το προξενικό τέλος που ορίζεται για αυτήν την υπηρεσία.","Η Κούβα εκδίδει θεωρήσεις εισόδου μέσω της πρεσβείας της στην Ελλάδα."
Ru0080,VISA ISSUE PROCEDURE,"Οι κάτοχοι ελληνικών διαβατηρίων μπορούν να αποκτήσουν βίζα για την Ιορδανία είτε από την Πρεσβεία  στην Αθήνα, είτε στο αεροδρόμιο κατά την άφιξή τους εκεί.","Οι κάτοχοι ελληνικών διαβατηρίων μπορούν να αποκτήσουν βίζα για την Ιορδανία είτε από την Πρεσβεία  στην Αθήνα, είτε στο αεροδρόμιο κατά την άφιξή τους εκεί."
Ru0081,VISA ISSUE PROCEDURE,"Οι πολίτες που έχουν ως προορισμό το Βιετνάμ μπορούν να υποβάλουν αίτηση εκ των προτέρων για επιστολή έγκρισης βίζας μέσω ταξιδιωτικού πρακτορίου με κάποια μικρή χρέωση. Στη συνέχεια θα λάβουν την επίσημη σφραγίδα βίζας στα διαβατήριά τους κατά την άφιξή τους στη χώρα.","Οι πολίτες που έχουν ως προορισμό το Βιετνάμ μπορούν να υποβάλουν αίτηση εκ των προτέρων για επιστολή έγκρισης βίζας μέσω ταξιδιωτικού πρακτορίου με κάποια μικρή χρέωση. Στη συνέχεια θα λάβουν την επίσημη σφραγίδα βίζας στα διαβατήριά τους κατά την άφιξή τους στη χώρα."
Ru0082,VISA ISSUE PROCEDURE,"Η διαδικασία αυτή ισχύει για τα εξής αεροδρόμια :
- Στο διεθνές αεροδρόμιο Tan Son Nhat στην πόλη Ho Chi Minh (Saigon).
- Στο διεθνές αεροδρόμιο Noi Bai στην πόλη Hanoi.
- Στο διεθνές αεροδρόμιο Danang στην πόλη Danang.
","Η διαδικασία αυτή ισχύει για τα εξής αεροδρόμια :
- Στο διεθνές αεροδρόμιο Tan Son Nhat στην πόλη Ho Chi Minh (Saigon).
- Στο διεθνές αεροδρόμιο Noi Bai στην πόλη Hanoi.
- Στο διεθνές αεροδρόμιο Danang στην πόλη Danang.
"
Ru0083,VISA ISSUE PROCEDURE,"Οι ταξιδιώτες που εισέρχονται στο Βιετνάμ μέσω ξηράς ή θαλάσσης πρέπει να εκδόσουν ηλεκτρονικά την visa (https://evisa.xuatnhapcanh.gov.vn )","Οι ταξιδιώτες που εισέρχονται στο Βιετνάμ μέσω ξηράς ή θαλάσσης πρέπει να εκδόσουν ηλεκτρονικά την visa (https://evisa.xuatnhapcanh.gov.vn )"
Ru0084,VISA ISSUE PROCEDURE,"ή να επισκεφτούν την πρεσβεία του Βιετνάμ για να υποβάλουν αίτηση που έχουν προσυμπληρώσει στην τοποθεσία : https://visa.mofa.gov.vn.","ή να επισκεφτούν την πρεσβεία του Βιετνάμ για να υποβάλουν αίτηση που έχουν προσυμπληρώσει στην τοποθεσία : https://visa.mofa.gov.vn."
Ru0085,VISA ISSUE PROCEDURE,"H έκδοση visa για την Κένυα διενεργείται ηλεκτρονικά στην τοποθεσία : https://www.ecitizen.go.ke. ","H έκδοση visa για την Κένυα διενεργείται ηλεκτρονικά στην τοποθεσία : https://www.ecitizen.go.ke."
Ru0086,VISA ISSUE PROCEDURE,"Οι Έλληνες πολίτες που ταξιδεύουν στην Τανζανία μπορούν να εκδόσουν βίζα κατά την άφιξη τους στην χώρα. Για να αποφύγουν όμως την πιθανή πολύωρη αναμονή σε ουρές έχουν την δυνατότητα να εκδόσουν ηλεκτρονικά την visa στην τοποθεσία http://www.immigration.go.tz.","Οι Έλληνες πολίτες που ταξιδεύουν στην Τανζανία μπορούν να εκδόσουν βίζα κατά την άφιξη τους στην χώρα. Για να αποφύγουν όμως την πιθανή πολύωρη αναμονή σε ουρές έχουν την δυνατότητα να εκδόσουν ηλεκτρονικά την visa στην τοποθεσία http://www.immigration.go.tz."
Ru0087,VISA ISSUE PROCEDURE,"Η visa για την Μαδαγασκάρη μπορεί να αποκτηθεί κατά την άφιξη στο σημείο εισόδου. Αλλά για μια πιο γρήγορη και ευκολότερη επιλογή, ο αιτών μπορεί να υποβάλει αίτηση για βίζα ηλεκτρονικά πριν έρθει στη Μαδαγασκάρη στην τοποθεσία https://evisamada.gov.mg. ","Η visa για την Μαδαγασκάρη μπορεί να αποκτηθεί κατά την άφιξη στο σημείο εισόδου. Αλλά για μια πιο γρήγορη και ευκολότερη επιλογή, ο αιτών μπορεί να υποβάλει αίτηση για βίζα ηλεκτρονικά πριν έρθει στη Μαδαγασκάρη στην τοποθεσία https://evisamada.gov.mg. "
Ru0088,VISA ISSUE PROCEDURE,"Οι Έλληνες πολίτες μπορούν να εκδόσουν visa κατά την είσοδό τους στο Νεπάλ, στα σύνορα με την Ινδία ή στο διεθνές αεροδρόμιο του Κατμαντού. Για αυτό το σκοπό μπορούν να υποβάλλουν ηλεκτρονική φόρμα στον επίσημο ιστότοπο του Υπουργείου Μετανάστευσης  https://nepaliport.immigration.gov.np/online μέχρι και 15 μέρες πριν την επίσκεψη τους στο Νεπάλ","Οι Έλληνες πολίτες μπορούν να εκδόσουν visa κατά την είσοδό τους στο Νεπάλ, στα σύνορα με την Ινδία ή στο διεθνές αεροδρόμιο του Κατμαντού. Για αυτό το σκοπό μπορούν να υποβάλλουν ηλεκτρονική φόρμα στον επίσημο ιστότοπο του Υπουργείου Μετανάστευσης  https://nepaliport.immigration.gov.np/online μέχρι και 15 μέρες πριν την επίσκεψη τους στο Νεπάλ"
Ru0089,VISA ISSUE PROCEDURE,"Θα λάβουν απόδειξη υποβολής με γραμμωτό κώδικο τον οποίο θα πρέπει να εκτυπώσουν και να φέρουν μαζί τους κατά την υποβολή της βίζα. Εναλλακτικά η φόρμα μπορεί να συμπληρωθεί κατά την άφιξη στη χώρα.","Θα λάβουν απόδειξη υποβολής με γραμμωτό κώδικο τον οποίο θα πρέπει να εκτυπώσουν και να φέρουν μαζί τους κατά την υποβολή της βίζα. Εναλλακτικά η φόρμα μπορεί να συμπληρωθεί κατά την άφιξη στη χώρα."
Ru0090,VISA ISSUE PROCEDURE,"Για να μη χρειαστεί ο πολίτης την αναμονή στα σύνορα  ή στο αεροδρόμιο , μπορεί να υποβάλει αίτημα για visa στην Αθήνα.  Αν και δεν υπάρχει πρεσβεία ή προξενείο του Νεπάλ στη χώρα μας,  το Νεπάλ εκπροσωπείται  από επίτιμο πρόξενο.","Για να μη χρειαστεί ο πολίτης την αναμονή στα σύνορα  ή στο αεροδρόμιο , μπορεί να υποβάλει αίτημα για visa στην Αθήνα."
Ru0091,VISA ISSUE PROCEDURE,"Η βίζα δίνει στο πολίτη το δικαίωμα να ταξιδέψετε στην κοιλάδα του Κατμαντού, στην Ποκάρα, και στο Εθνικό Πάρκο Chitwan δηλαδή εκεί που υπάρχει οδική πρόσβαση. Για τις υπόλοιπες περιοχές, πρέπει να εκδοθεί ξεχωριστή άδεια (trekking permit) από το  αρμόδιο γραφείο στο Κατμαντού ή στην Ποκάρα.","Η βίζα δίνει στο πολίτη το δικαίωμα να ταξιδέψετε στην κοιλάδα του Κατμαντού, στην Ποκάρα, και στο Εθνικό Πάρκο Chitwan δηλαδή εκεί που υπάρχει οδική πρόσβαση. Για τις υπόλοιπες περιοχές, πρέπει να εκδοθεί ξεχωριστή άδεια (trekking permit) από το  αρμόδιο γραφείο στο Κατμαντού ή στην Ποκάρα."
Ru0092,VISA ISSUE PROCEDURE,"Οι πληροφορίες είναι δυνατόν να αλλάζουν χωρίς προηγούμενη ενημέρωση. Ως εκ τούτου παρακαλούνται οι ενδιαφερόμενοι να επικοινωνούν οπωσδήποτε με τις Προξενικές Αρχές των χωρών πριν την αναχώρηση τους.","Οι πληροφορίες είναι δυνατόν να αλλάζουν χωρίς προηγούμενη ενημέρωση. Ως εκ τούτου παρακαλούνται οι ενδιαφερόμενοι να επικοινωνούν οπωσδήποτε με τις Προξενικές Αρχές των χωρών πριν την αναχώρηση τους."
Ru0093,VISA ISSUE CHILD,"Ως ανεξάρτητος αιτών, το παιδί πρέπει να συμπληρώσει ξεχωριστό έντυπο αίτησης θεώρησης, το οποίο θα πρέπει να υπογράφεται από τον κηδεμόνα. ","Ως ανεξάρτητος αιτών, το παιδί πρέπει να συμπληρώσει ξεχωριστό έντυπο αίτησης θεώρησης, το οποίο θα πρέπει να υπογράφεται από τον κηδεμόνα. "
Ru0094,VISA ISSUE CHILD,"Το κόστος της visa είναι ίδιο με των ενηλίκων.","Το κόστος της visa είναι ίδιο με των ενηλίκων."
Ru0095,VISA ISSUE CHILD,"Πολίτες κάτω των 10 ετών δεν χρεώνονται.",""
Ru0096,STOLEN VISA,"Σε περίπωση κλοπής, αν η βίζα που έχετε προσκομιθεί είναι ανεξάρτητο έγγραφο, δεν υπάρχει πρόβλημα. Δεν διενεργείται έλεγχος κατά την έξοδο από την χώρα.","Σε περίπωση κλοπής, αν η βίζα που έχετε προσκομιθεί είναι ανεξάρτητο έγγραφο, δεν υπάρχει πρόβλημα. Δεν διενεργείται έλεγχος κατά την έξοδο από την χώρα."
Ru0097,STOLEN VISA,"Αν όμως επισυνάπτεται στο διαβατήριο, θα πρέπει να δηλώσετε την κλοπή στο πλησιέστερο αστυνομικό τμήμα και συνέχεια θα πρέπει να επικοινωνήσετε με την Ελληνική Πρεσβεία.","Αν όμως επισυνάπτεται στο διαβατήριο, θα πρέπει να δηλώσετε την κλοπή στο πλησιέστερο αστυνομικό τμήμα και συνέχεια θα πρέπει να επικοινωνήσετε με την Ελληνική Πρεσβεία."
Ru0098,HOW ΜΑΝΥ DAYS BEFORE APPLY VISA,"Συνιστάται να κάνετε αίτηση για βίζα ένα μήνα πριν από την προβλεπόμενη ημερομηνία εισόδου σας στην Κίνα, αλλά όχι νωρίτερα από τρεις μήνες","Ένα μήνα πριν το ταξίδι αλλά όχι νωρίτερα από τρεις μήνες"
Ru0099,HOW ΜΑΝΥ DAYS BEFORE APPLY VISA,"Για τις τουριστικές 30 ημερών μονής εισόδου από 4 ημέρες εώς 3 μήνες πριν, για ετήσιες και πενταετής εώς 4 μήνες πριν.","Για τις τουριστικές 30 ημερών μονής εισόδου από 4 ημέρες εώς 3 μήνες πριν, για ετήσιες και πενταετής εώς 4 μήνες πριν."
Ru0100,HOW ΜΑΝΥ DAYS BEFORE APPLY VISA,"Τουλάχιστον επτά ημέρες πριν από την αναχώρηση για το ταξίδι.","Τουλάχιστον επτά ημέρες πριν από την αναχώρηση για το ταξίδι."
Ru0101,HOW ΜΑΝΥ DAYS BEFORE APPLY VISA,"Ο ταξιδιώτης μπορεί να υποβάλει αίτηση για βίζα έως και έξι μήνες πριν από την αναχώρησή του και μέχρι τις 72 ώρες το αργότερο","Από έξι μήνες πριν μέχρι 72 ώρες το αργότερο."
Ru0102,HOW ΜΑΝΥ DAYS BEFORE APPLY VISA,"Οι αιτούντες είναι ελεύθεροι να υποβάλουν αίτηση μέχρι και 90 ημέρες πριν την ημερομηνία του ταξιδιού τους. Η πρεσβεία και το προξενείο συνιστούν να υποβάλετε αίτηση τουλάχιστον 3 εβδομάδες πριν την ημερομηνία του ταξιδιού σας για να επιλυθούν τυχόν απρόβλεπτες καθυστερήσεις επεξεργασίας","Η πρεσβεία συνιστά την υποβολή αίτησης από 90 μέρες μέχρι το αργότερο 3 εβδομάδες."
Ru0103,HOW ΜΑΝΥ DAYS BEFORE APPLY VISA,"Τουλάχιστον 4 μέρες πριν. Οι ταξιδώτες με πτήσεις μέσω Η.Π.Α θα πρέπει να φροντίσουν την αποστολή των δικαιολογητικών που απατούνται τουλάχιστον 20 μερες πριν την ημερομηνία αναχώρησης.","Τουλάχιστον 4 μέρες πριν. Οι ταξιδώτες με πτήσεις μέσω Η.Π.Α θα πρέπει να φροντίσουν την αποστολή των δικαιολογητικών που απατούνται τουλάχιστον 20 μερες πριν την ημερομηνία αναχώρησης."
Ru0104,HOW ΜΑΝΥ DAYS BEFORE APPLY VISA,"Τουλάχιστον 48 ώρες  πριν από την αναχώρηση για το ταξίδι.","Τουλάχιστον 48 ώρες  πριν από την αναχώρηση για το ταξίδι."
Ru0105,HOW ΜΑΝΥ DAYS BEFORE APPLY VISA,"Τουλάχιστον 3 μέρες πριν για την επιστολής έγκρισης  και 4 για την έκδοση ηλεκτρονικά και στην πρεσβεία.","Τουλάχιστον 3 μέρες πριν για την επιστολής έγκρισης  και 4 για την έκδοση ηλεκτρονικά και στην πρεσβεία."
Ru0106,HOW ΜΑΝΥ DAYS BEFORE APPLY VISA,"Μέχρι 2 μέρες πριν αν πρόκειται για επίγουσα έκδοση","Μέχρι 2 μέρες πριν αν πρόκειται για επίγουσα έκδοση"
Ru0107,HOW ΜΑΝΥ DAYS BEFORE APPLY VISA,"Για τις Μαλβίδες δεν χρειάζεται υποβληθεί αίτηση πριν την αναχώρηση για το ταξίδι. ","Για τις Μαλβίδες δεν χρειάζεται υποβληθεί αίτηση πριν την αναχώρηση για το ταξίδι. "
Ru0108,HOW ΜΑΝΥ DAYS BEFORE APPLY VISA,"Για βίζα κατά την είσοδο θα πρέπει να υποβληθεί αίτηση το πολύ μέχρι 15 μέρες πριν. Για βίζα στη πρεσβεία τουλάχιστον 5 μέρες  πριν.","Για βίζα κατά την είσοδο θα πρέπει να υποβληθεί αίτηση το πολύ μέχρι 15 μέρες πριν ή να συμπληρωθεί κατά την είσοδο στην χώρα. Για βίζα στη πρεσβεία τουλάχιστον 2ωμέρες  πριν."
Ru0109,HOW ΜΑΝΥ DAYS BEFORE APPLY VISA,"Τουλάχιστον 11 ημέρες πριν το ταξίδι.","Τουλάχιστον 11 ημέρες πριν το ταξίδι."
Ru0110,EKAA ABOUT,"Πρόκειται για μια δωρεάν κάρτα που προσφέρει πρόσβαση σε ιατροφαρμακευτική δημόσια περίθαλψη κατά την επίσκεψη ενός πολίτη στις χώρες της Ευρωπαϊκής Ένωσης, την Ισλανδία, το Λιχτενστάιν, τη Νορβηγία και την Ελβετία με τους ίδιους όρους που θα ισχυάν αν ο πολίτης βρισκόταν στην χώρα του.","Δωρεάν κάρτα που προσφέρει πρόσβαση σε ιατροφαρμακευτική δημόσια περίθαλψη κατά την επίσκεψη ενός πολίτη στις χώρες της Ευρωπαϊκής Ένωσης, την Ισλανδία, το Λιχτενστάιν, τη Νορβηγία και την Ελβετία."
Ru0111,EKAA ABOUT,"Προϋπόθεση για τη χορήγηση της Ε.Κ.Α.Α είναι η ύπαρξη ενεργής  ασφαλιστικής ικανότητας. ","Προϋπόθεση για τη χορήγηση της Ε.Κ.Α.Α είναι η ύπαρξη ενεργής  ασφαλιστικής ικανότητας. "
Ru0112,EKAA ABOUT,"Οι ανασφάλιστοι φοιτητές που μετακινούνται για εκπαιδευτικούς σκοπούς μπορούν να εκδόσουν Ε.Κ.Α.Α μέσω των Πανεπιστημίων τους.","Οι ανασφάλιστοι φοιτητές μπορούν να εκδόσουν Ε.Κ.Α.Α μέσω των Πανεπιστημίων τους."
Ru0113,HOW MANY DAYS BEFORE APPLY EKAA,"Συνήθως 2 εβδομάδες πριν. Για περισσότερες λεπτομέρειες επικοινωνήστε με το αρμόδιο τμήμα του Πανεπιστημίου.","Τουλάχιστον 2 εβδομάδες πριν."
Ru0114,HOW MANY DAYS BEFORE APPLY EKAA,"Τουλάχιστον 1 μήνα πριν.","Τουλάχιστον 1 μήνα πριν."
Ru0115,EKA ISSUE PROCEDURE,"Για τη χορήγηση της Ευρωπαϊκής Κάρτας Ασφάλισης Ασθενείας (ΕΚΑΑ), οι ασφαλισμένοι υποβάλλουν την αίτηση στο δικτυακό τόπο του e-ΕΦΚΑ https://www.efka.gov.gr/ στην επιλογή Ασφαλισμένοι -> Ηλεκτρονικές Υπηρεσίες για Ασφαλισμένους -> Έκδοση Ε.Κ.Α.Α (χρήση κωδικών Taxisnet άμεσα ασφαλισμένου).","Οι ασφαλισμένοι υποβάλλουν την αίτηση στο δικτυακό τόπο του e-ΕΦΚΑ https://www.efka.gov.gr/ στην επιλογή Ασφαλισμένοι ->Ηλεκτρονικές Υπηρεσίες για Ασφαλισμένους -> Έκδοση Ε.Κ.Α.Α (χρήση κωδικών Taxisnet άμεσα ασφαλισμένου)."
Ru0116,EKA ISSUE PROCEDURE,"Η ηλεκτρονική υποβολή της αίτησης χορήγησης της Ευρωπαϊκής Κάρτας Ασφάλισης Ασθενείας (ΕΚΑΑ) μπορεί να διεκπεραιώνεται και μέσω των ΚΕΠ. Οι ασφαλισμένοι και οι συνταξιούχοι του e-ΕΦΚΑ μπορούν να μεταβούν και στα Κέντρα Εξυπηρέτησης Πολιτών (Κ.Ε.Π.), προκειμένου να αιτηθούν την έκδοση της Ευρωπαϊκής Κάρτας Ασφάλισης Ασθενείας.","Η ηλεκτρονική υποβολή της αίτησης χορήγησης της Ευρωπαϊκής Κάρτας Ασφάλισης Ασθενείας (ΕΚΑΑ) μπορεί να διεκπεραιώνεται και μέσω των ΚΕΠ. "
Ru0117,EKA ISSUE PROCEDURE,"Οι φοιτητές υποβάλλουν αίτηση στο τμήμα Φοιτητικής Μέριμνας του Πανεπιστημίου τους.","Οι φοιτητές υποβάλλουν αίτηση στο τμήμα Φοιτητικής Μέριμνας του Πανεπιστημίου τους."
Ru0118,WHO CAN HAVE EKAA,"Προϋπόθεση για τη χορήγηση της Ε.Κ.Α.Α είναι η ύπαρξη ενεργής  ασφαλιστικής ικανότητας. ","Προϋπόθεση για τη χορήγηση της Ε.Κ.Α.Α είναι η ύπαρξη ενεργής  ασφαλιστικής ικανότητας. "
Ru0119,WHO CAN HAVE EKAA,"Οι ανασφάλιστοι φοιτητές μπορούν να εκδόσουν Ε.Κ.Α.Α μέσω των Πανεπιστημίων τους για μετακινήσεις που αφορούν εκπαιδευτικούς σκοπούς.","Οι ανασφάλιστοι φοιτητές μπορούν να εκδόσουν Ε.Κ.Α.Α μέσω των Πανεπιστημίων τους."
Ru0120,COLLECT EKAA,"Οι ασφαλισμένοι αιτούντες λαμβάνουν ταχυδρομικά την κάρτα στη διεύθυνση τους σε 5-10 ημέρες.","Οι ασφαλισμένοι αιτούντες λαμβάνουν ταχυδρομικά την κάρτα στη διεύθυνση τους σε 5-10 ημέρες."
Ru0121,COLLECT EKAA,"Οι ανασφάλιστοι φοιτητές παραλαμβάνουν την Ε.Κ.Α.Α από το αρμόδιο τμήμα του Πανεπιστημίου τους.","Οι ανασφάλιστοι φοιτητές παραλαμβάνουν την Ε.Κ.Α.Α από το τμήμα Φοιτητικής Μέριμνας του Πανεπιστημίου τους."
Ru0122,EKKA UNIVERSITY ISSUE PROC,"Εάν ο φοιτητής είναι ανασφάλιστος η έκδοση της Ευρωπαϊκής Κάρτας Ασθενείας (Ε.Κ.Α.Α.) για όσους μετακινούνται σε χώρες της Ευρωπαϊκής Ένωσης πραγματοποιείται από τις υπηρεσίες του Πανεπιστημίου. ","Εάν ο φοιτητής είναι ανασφάλιστος η έκδοση της Ευρωπαϊκής Κάρτας Ασθενείας (Ε.Κ.Α.Α.) πραγματοποιείται από τις υπηρεσίες του Πανεπιστημίου. "
Ru0123,EKKA UNIVERSITY ISSUE PROC,"Οι Φοιτητές οι οποίοι είναι ανασφάλιστοι και πρόκειται να ταξιδέψουν σε χώρες της Ευρωπαϊκής Ένωσης, για να εκδώσουν την Ευρωπαϊκή Κάρτα Ασφάλισης Ασθενείας μπορούν να προσέρχονται καθημερινά στο Ιατρικό Τμήμα του Ε.Μ.Π","Οι Φοιτητές οι οποίοι είναι ανασφάλιστοι για να εκδώσουν την Ευρωπαϊκή Κάρτα Ασφάλισης Ασθενείας μπορούν να προσέρχονται καθημερινά από 11:00π.μ. έως 13:00μ.μ. στο Ιατρικό Τμήμα του Ε.Μ.Π"
Ru0124,EKKA UNIVERSITY ISSUE PROC,"Η έκδοση της Ε.Κ.Α.Α. των ανασφάλιστων φοιτητών θα πραγματοποιείται από την Υγειονομική Υπηρεσία της Π.Φ.Λ.","Η έκδοση της Ε.Κ.Α.Α. των ανασφάλιστων φοιτητών θα πραγματοποιείται από την Υγειονομική Υπηρεσία της Π.Φ.Λ."
Ru0125,EKKA UNIVERSITY ISSUE PROC,"Εάν ο φοιτητής είναι ανασφάλιστος η έκδοση της Ευρωπαϊκής Κάρτας Ασθενείας (Ε.Κ.Α.Α.) για όσους μετακινούνται σε χώρες της Ευρωπαϊκής Ένωσης πραγματοποιείται από τις υπηρεσίες του Πανεπιστημίου. ","Εάν ο φοιτητής είναι ανασφάλιστος η έκδοση της Ευρωπαϊκής Κάρτας Ασθενείας (Ε.Κ.Α.Α.) πραγματοποιείται από τις υπηρεσίες του Πανεπιστημίου. "
Ru0126,EKKA UNIVERSITY ISSUE PROC,"Η αίτηση υποβάλλεται από τον/την ενδιαφερόμενο/η φοιτητή/τρια για έκδοση Ε.Κ.Α.Α. στη Γραμματεία του οικείου Τμήματος. 
Η αίτηση υπογράφεται από τον/την ίδιο/α και συνυπογράφεται από τον/την αρμόδιο/α υπάλληλο της Γραμματείας, ο/η οποίος/α είναι επιφορτισμένος/η με τον πλήρη έλεγχο των στοιχείων της αίτησης και του δικαιώματος του/της φοιτητή/τριας έκδοσης Ε.Κ.Α.Α..
Ακολούθως η αίτηση διαβιβάζεται από τη Γραμματεία μέσω ηλεκτρονικού πρωτοκόλλου στο Τμήμα Προπτυχιακών Σπουδών και Φοιτητικής Μέριμνας για την έκδοση της κάρτας, μετά τον σχετικό έλεγχο της πληρότητας των στοιχείων της αίτησης.","Η αίτηση υποβάλλεται για έκδοση Ε.Κ.Α.Α. στη Γραμματεία του οικείου Τμήματος. 
Στην συνέχεια υπογράφεται από τον αιτούντα και από τον/την αρμόδιο/α υπάλληλο της Γραμματείας και
διαβιβάζεται μέσω ηλεκτρονικού πρωτοκόλλου στο Τμήμα Προπτυχιακών Σπουδών και Φοιτητικής Μέριμνας για την έκδοση της κάρτας, μετά τον σχετικό έλεγχο της πληρότητας των στοιχείων της αίτησης."
Ru0127,EKKA UNIVERSITY ISSUE PROC,"Η έκδοση της Ε.Κ.Α.Α. για τους ανασφάλιστους φοιτητές του Π.Θ. που μετακινούνται για εκπαιδευτικούς σκοπούς σε μία από τις 28 χώρες της Ε.Ε., την Ισλανδία, το Λιχτενστάιν, τη Νορβηγία και την Ελβετία, πραγματοποιείται από τη Διεύθυνση Φοιτητικής Μέριμνας και οι δαπάνες που τυχόν προκύπτουν, καλύπτονται από το Πανεπιστήμιο.","Η έκδοση της Ε.Κ.Α.Α. για τους ανασφάλιστους φοιτητές του Π.Θ. που μετακινούνται για εκπαιδευτικούς σκοπούς σε μία από τις 28 χώρες της Ε.Ε., την Ισλανδία, το Λιχτενστάιν, τη Νορβηγία και την Ελβετία, πραγματοποιείται από τη Διεύθυνση Φοιτητικής Μέριμνας και οι δαπάνες που τυχόν προκύπτουν, καλύπτονται από το Πανεπιστήμιο. Περισσότερες πληροφορίες διαθέσιμες στην τοποθεσία https://www.uth.gr/zoi/foititiki-merimna/ygeionomiki-perithalpsi"
Ru0128,EKKA UNIVERSITY ISSUE PROC,"Εάν ο φοιτητής είναι ανασφάλιστος η έκδοση της Ευρωπαϊκής Κάρτας Ασθενείας (Ε.Κ.Α.Α.) για όσους μετακινούνται σε χώρες της Ευρωπαϊκής Ένωσης καθώς και η κάλυψη των δαπανών που τυχόν προκύπτουν  πραγματοποιείται από τις υπηρεσίες του Πανεπιστημίου.","Εάν ο φοιτητής είναι ανασφάλιστος η έκδοση της Ευρωπαϊκής Κάρτας Ασθενείας (Ε.Κ.Α.Α.) πραγματοποιείται από τις υπηρεσίες του Πανεπιστημίου. "
Ru0129,EKKA UNIVERSITY ISSUE PROC,"Οι ανασφάλιστοι φοιτητές μπορούν να αιτούνται για έκδοση της ΕΚΑΑ στo Τμήμα Σπουδών της Διεύθυνσης Ακαδημαϊκών Θεμάτων. ","Οι ανασφάλιστοι φοιτητές μπορούν να αιτούνται για έκδοση της ΕΚΑΑ στo Τμήμα Σπουδών της Διεύθυνσης Ακαδημαϊκών Θεμάτων. "
Ru0130,EKKA UNIVERSITY ISSUE PROC,"Εάν ο φοιτητής είναι ανασφάλιστος η έκδοση της Ευρωπαϊκής Κάρτας Ασθενείας (Ε.Κ.Α.Α.) για όσους μετακινούνται σε χώρες της Ευρωπαϊκής Ένωσης πραγματοποιείται από τις υπηρεσίες του Πανεπιστημίου. ","Εάν ο φοιτητής είναι ανασφάλιστος η έκδοση της Ευρωπαϊκής Κάρτας Ασθενείας (Ε.Κ.Α.Α.) πραγματοποιείται από τις υπηρεσίες του Πανεπιστημίου. "
Ru0131,EKKA UNIVERSITY ISSUE PROC,"Για την αίτηση Ε.Κ.Α.Α. θα πρέπει να συμπληρώσετε την αίτηση Ε.Κ.Α.Α και να την στείλετε με email στη διεύθυνση ekaa@aegean.gr","Για την αίτηση Ε.Κ.Α.Α. θα πρέπει να συμπληρώσετε την Αίτηση Ε.Κ.Α.Α και να την στείλετε με email στη διεύθυνση ekaa@aegean.gr"
Ru0132,EKKA UNIVERSITY ISSUE PROC,"Εάν ο φοιτητής είναι ανασφάλιστος η έκδοση της Ευρωπαϊκής Κάρτας Ασθενείας (Ε.Κ.Α.Α.) πραγματοποιείται από την Διεύθυνση Εκπαιδεύσεως του Πανεπιστημίου. ","Εάν ο φοιτητής είναι ανασφάλιστος η έκδοση της Ευρωπαϊκής Κάρτας Ασθενείας (Ε.Κ.Α.Α.) πραγματοποιείται από την Διεύθυνση Εκπαιδεύσεως του Πανεπιστημίου. "
Ru0133,EKKA UNIVERSITY ISSUE PROC,"Για την έκδοση της Ευρωπαϊκής Κάρτας Ασφάλισης Ασθένειας (Ε.Κ.Α.Α.) απαιτείται αρχικά επιβεβαίωση από το Τμήμα Διεθνών και Δημοσίων Σχέσεων του Πανεπιστημίου για τη χώρα και το διάστημα κινητικότητας του ενδιαφερόμενου.Στη συνέχεια ο ενδιαφερόμενος: Συμπληρώνει και καταθέτει στο Τμήμα Φοιτητικής Μέριμνας Αίτηση μαζί με τα απαραίτητα δικαιολογητικά.","Για την έκδοση της Ευρωπαϊκής Κάρτας Ασφάλισης Ασθένειας (Ε.Κ.Α.Α.) απαιτείται αρχικά επιβεβαίωση από το Τμήμα Διεθνών και Δημοσίων Σχέσεων του Πανεπιστημίου για τη χώρα και το διάστημα κινητικότητας του ενδιαφερόμενου.Στη συνέχεια ο ενδιαφερόμενος: Συμπληρώνει και καταθέτει στο Τμήμα Φοιτητικής Μέριμνας Αίτηση μαζί με τα απαραίτητα δικαιολογητικά."
Ru0134,EKKA UNIVERSITY ISSUE PROC,"
    Ο ανασφάλιστος φοιτητής συμπληρώνει την σχετική αίτηση για τη χορήγηση της ΕΚΑΑ στη Γραμματεία του Τμήματος στο οποίο είναι εγγεγραμμένος, ακολουθώντας τις οδηγίες. 
    Η γραμματεία ενημερώνει τον φοιτητή ότι η ΕΚΑΑ θα εκδοθεί από το ΕΚΠΑ μόνο αν είναι ανασφάλιστος και ότι στην περίπτωση που λήξει/ανασταλεί η φοιτητική του ιδιότητα και ισχύει ακόμη η ΕΚΑΑ, θα πρέπει να την επιστέψει πίσω στη γραμματεία
    Ο υπάλληλος της γραμματείας βεβαιώνει ότι είναι φοιτητής υπογράφοντας και σφραγίζοντας την αίτηση, και στέλνει με FAX την αίτηση στη Διεύθυνση Μηχανοργάνωσης του Πανεπιστημίου.
    Μετά από 2-3 εργάσιμες ημέρες ο φοιτητής παραλαμβάνει την ΕΚΑΑ από τη Διεύθυνση Μηχανοργάνωσης (κτίριο Μαθηματικού τηλ 210 7276450) με την επίδειξη της φοιτητικής του ταυτότητας.
","
    Ο ανασφάλιστος φοιτητής συμπληρώνει την σχετική αίτηση για τη χορήγηση της ΕΚΑΑ στη Γραμματεία του Τμήματος στο οποίο είναι εγγεγραμμένος, ακολουθώντας τις οδηγίες. 
    Η γραμματεία ενημερώνει τον φοιτητή ότι η ΕΚΑΑ θα εκδοθεί από το ΕΚΠΑ μόνο αν είναι ανασφάλιστος και ότι στην περίπτωση που λήξει/ανασταλεί η φοιτητική του ιδιότητα και ισχύει ακόμη η ΕΚΑΑ, θα πρέπει να την επιστέψει πίσω στη γραμματεία. Ο υπάλληλος της γραμματείας βεβαιώνει ότι είναι φοιτητής υπογράφοντας και σφραγίζοντας την αίτηση, και στέλνει με FAX την αίτηση στη Διεύθυνση Μηχανοργάνωσης του Πανεπιστημίου. Μετά από 2-3 εργάσιμες ημέρες ο φοιτητής παραλαμβάνει την ΕΚΑΑ από τη Διεύθυνση Μηχανοργάνωσης (κτίριο Μαθηματικού τηλ 210 7276450) με την επίδειξη της φοιτητικής του ταυτότητας.
"
Ru0135,EKKA UNIVERSITY ISSUE PROC,"Ανασφάλιστοι φοιτητές μπορούν να υποβάλλουν αίτημα για την χορήγηση της Ευρωπαϊκής Κάρτας Ασφάλισης Ασθενείας στο Τμήμα Σπουδών και Φοιτητικής Μέριμνας.","Ανασφάλιστοι φοιτητές μπορούν να υποβάλλουν αίτημα για την χορήγηση της Ευρωπαϊκής Κάρτας Ασφάλισης Ασθενείας στο Τμήμα Σπουδών και Φοιτητικής Μέριμνας."
Ru0136,EKKA UNIVERSITY ISSUE PROC,"Ανασφάλιστοι φοιτητές μπορούν να υποβάλλουν αίτημα για την χορήγηση της Ευρωπαϊκής Κάρτας Ασφάλισης Ασθενείας. Ο ενδιαφερόμενος οφείλει να καταθέσει στο Τμήμα Φοιτητικής Μέριμνας μέσω της ηλεκτρονικής εφαρμογής https://merimna.panteion.gr τα απαραίτητα δικαιολογητικά.","Ανασφάλιστοι φοιτητές μπορούν να υποβάλλουν αίτημα για την χορήγηση της Ευρωπαϊκής Κάρτας Ασφάλισης Ασθενείας. Ο ενδιαφερόμενος οφείλει να καταθέσει στο Τμήμα Φοιτητικής Μέριμνας μέσω της ηλεκτρονικής εφαρμογής https://merimna.panteion.gr τα απαραίτητα δικαιολογητικά."
Ru0137,EKKA UNIVERSITY ISSUE PROC,"Ανασφάλιστοι φοιτητές μπορούν να υποβάλλουν αίτημα για την χορήγηση της Ευρωπαϊκής Κάρτας Ασφάλισης Ασθενείας στο Τμήμα Σπουδών και Φοιτητικής Μέριμνας,",""
Ru0138,EKKA UNIVERSITY ISSUE PROC,"Εάν ο φοιτητής είναι ανασφάλιστος η έκδοση της Ευρωπαϊκής Κάρτας Ασθενείας (Ε.Κ.Α.Α.) για όσους μετακινούνται σε χώρες της Ευρωπαϊκής Ένωσης πραγματοποιείται από τις υπηρεσίες του Πανεπιστημίου.","Εάν ο φοιτητής είναι ανασφάλιστος η έκδοση της Ευρωπαϊκής Κάρτας Ασθενείας (Ε.Κ.Α.Α.) πραγματοποιείται από τις υπηρεσίες του Πανεπιστημίου. "
Ru0139,EKKA UNIVERSITY ISSUE PROC,"Εάν ο φοιτητής είναι ανασφάλιστος η έκδοση της Ευρωπαϊκής Κάρτας Ασθενείας (Ε.Κ.Α.Α.) για όσους μετακινούνται σε χώρες της Ευρωπαϊκής Ένωσης πραγματοποιείται από τις υπηρεσίες του Πανεπιστημίου. Η υποβολή των σχετικών δικαιολογητικών γίνεται μέσω ηλεκτρονικού ταχυδρομείου στη διεύθυνση merimna@ionio.gr του Τμήματος Φοιτητικής Μέριμνας, το οποίο και είναι αρμόδιο για την χορήγησή της.     ","Εάν ο φοιτητής είναι ανασφάλιστος η έκδοση της Ευρωπαϊκής Κάρτας Ασθενείας (Ε.Κ.Α.Α.) για όσους μετακινούνται σε χώρες της Ευρωπαϊκής Ένωσης πραγματοποιείται από τις υπηρεσίες του Πανεπιστημίου. Η υποβολή των σχετικών δικαιολογητικών γίνεται μέσω ηλεκτρονικού ταχυδρομείου στη διεύθυνση merimna@ionio.gr του Τμήματος Φοιτητικής Μέριμνας, το οποίο και είναι αρμόδιο για την χορήγησή της."
Ru0140,EKKA UNIVERSITY ISSUE PROC,"Εάν ο φοιτητής είναι ανασφάλιστος η έκδοση της Ευρωπαϊκής Κάρτας Ασθενείας (Ε.Κ.Α.Α.) για όσους μετακινούνται σε χώρες της Ευρωπαϊκής Ένωσης πραγματοποιείται από τις υπηρεσίες του Πανεπιστημίου.","Εάν ο φοιτητής είναι ανασφάλιστος η έκδοση της Ευρωπαϊκής Κάρτας Ασθενείας (Ε.Κ.Α.Α.) πραγματοποιείται από τις υπηρεσίες του Πανεπιστημίου. "
Ru0141,EKKA UNIVERSITY ISSUE PROC,"Εάν ο φοιτητής είναι ανασφάλιστος η έκδοση της Ευρωπαϊκής Κάρτας Ασθενείας (Ε.Κ.Α.Α.) για όσους μετακινούνται σε χώρες της Ευρωπαϊκής Ένωσης πραγματοποιείται από τις υπηρεσίες του Πανεπιστημίου.","Εάν ο φοιτητής είναι ανασφάλιστος η έκδοση της Ευρωπαϊκής Κάρτας Ασθενείας (Ε.Κ.Α.Α.) πραγματοποιείται από τις υπηρεσίες του Πανεπιστημίου. "
Ru0142,EKKA UNIVERSITY ISSUE PROC,"Από το Τμήμα Περίθαλψης & Κοινωνικής Μέριμνας εκδίδεται η Ευρωπαϊκή Κάρτα Ασφάλισης Ασθένειας (Ε.Κ.Α.Α.) μονάχα για τους σπουδαστές που είναι ανασφάλιστοι, όταν πρόκειται να μετακινηθούν στις χώρες της Ευρωπαϊκής Ένωσης με προγράμματα (Socrates, Erasmus, Leonardo, κλπ).
Η αίτηση για την έκδοση της Ε.Κ.Α.Α. πρέπει να υποβάλλεται ένα μήνα πριν την ημερομηνία αναχώρησης.","Από το Τμήμα Περίθαλψης & Κοινωνικής Μέριμνας εκδίδεται η Ευρωπαϊκή Κάρτα Ασφάλισης Ασθένειας (Ε.Κ.Α.Α.) μονάχα για τους σπουδαστές που είναι ανασφάλιστοι, όταν πρόκειται να μετακινηθούν στις χώρες της Ευρωπαϊκής Ένωσης με προγράμματα (Socrates, Erasmus, Leonardo, κλπ).
Η αίτηση για την έκδοση της Ε.Κ.Α.Α. πρέπει να υποβάλλεται ένα μήνα πριν την ημερομηνία αναχώρησης."
Ru0143,EKKA UNIVERSITY ISSUE PROC,"Εάν ο φοιτητής είναι ανασφάλιστος η έκδοση της Ευρωπαϊκής Κάρτας Ασθενείας (Ε.Κ.Α.Α.) πραγματοποιείται από τις υπηρεσίες του Πανεπιστημίου. ","Εάν ο φοιτητής είναι ανασφάλιστος η έκδοση της Ευρωπαϊκής Κάρτας Ασθενείας (Ε.Κ.Α.Α.) για όσους μετακινούνται σε χώρες της Ευρωπαϊκής Ένωσης πραγματοποιείται από τις υπηρεσίες του Πανεπιστημίου."
Ru0144,EKKA UNIVERSITY ISSUE PROC,"Η έκδοση της Ε.Κ.Α.Α. πραγματοποιείται από τα κατά τόπους Τμήματα Υγειονομικής Περίθαλψης, Συμβουλευτικής  και Ψυχολογικής Στήριξης του ΔΙ.ΠΑ.Ε. σε περίπτωση που οι προπτυχιακοί και μεταπτυχιακοί φοιτητές, καθώς και οι υποψήφιοι διδάκτορες, δεν έχουν άλλη ιατροφαρμακευτική και νοσοκομειακή περίθαλψη","Η έκδοση της Ε.Κ.Α.Α. πραγματοποιείται από τα κατά τόπους Τμήματα Υγειονομικής Περίθαλψης, Συμβουλευτικής  και Ψυχολογικής Στήριξης του ΔΙ.ΠΑ.Ε. σε περίπτωση που οι προπτυχιακοί και μεταπτυχιακοί φοιτητές, καθώς και οι υποψήφιοι διδάκτορες, δεν έχουν άλλη ιατροφαρμακευτική και νοσοκομειακή περίθαλψη"
